{"cameraMode":{"drawMode":0,"name":"Shaded","section":"Shading Mode"},"sceneLighting":false,"audioPlay":false,"sceneViewState":{"showFog":true,"showMaterialUpdate":false,"showSkybox":true,"showFlares":true,"showImageEffects":true,"showParticleSystems":true},"in2DMode":false,"pivot":{"x":-1.5900006294250489,"y":4.460000038146973,"z":15.879999160766602},"rotation":{"x":0.01520787738263607,"y":0.8988568186759949,"z":-0.43685948848724368,"w":0.03128889203071594},"size":37.80461120605469,"orthographic":true}