{"cameraMode":{"drawMode":0,"name":"Shaded","section":"Shading Mode"},"sceneLighting":false,"audioPlay":false,"sceneViewState":{"showFog":true,"showMaterialUpdate":false,"showSkybox":true,"showFlares":true,"showImageEffects":true,"showParticleSystems":true},"in2DMode":false,"pivot":{"x":-0.5184376239776611,"y":0.0023925781715661289,"z":-0.3124128580093384},"rotation":{"x":0.015691952779889108,"y":-0.7164067625999451,"z":0.016122212633490564,"w":0.6973200440406799},"size":0.26542508602142336,"orthographic":true}