{"cameraMode":{"drawMode":0,"name":"Shaded","section":"Shading Mode"},"sceneLighting":false,"audioPlay":false,"sceneViewState":{"showFog":true,"showMaterialUpdate":false,"showSkybox":true,"showFlares":true,"showImageEffects":true,"showParticleSystems":true},"in2DMode":false,"pivot":{"x":0.06965361535549164,"y":1.0955095291137696,"z":-4.380000114440918},"rotation":{"x":0.6165759563446045,"y":-0.013463038019835949,"z":0.010544911026954651,"w":0.7871097326278687},"size":2.0966620445251467,"orthographic":true}