{"cameraMode":{"drawMode":0,"name":"Shaded","section":"Shading Mode"},"sceneLighting":false,"audioPlay":false,"sceneViewState":{"showFog":true,"showMaterialUpdate":false,"showSkybox":true,"showFlares":true,"showImageEffects":true,"showParticleSystems":true},"in2DMode":false,"pivot":{"x":-0.3456103503704071,"y":0.006084874272346497,"z":-0.2751736640930176},"rotation":{"x":-0.02594737522304058,"y":0.7212913632392883,"z":0.02706163376569748,"w":0.691616415977478},"size":0.24290600419044496,"orthographic":true}