{"cameraMode":{"drawMode":0,"name":"Shaded","section":"Shading Mode"},"sceneLighting":false,"audioPlay":false,"sceneViewState":{"showFog":true,"showMaterialUpdate":false,"showSkybox":true,"showFlares":true,"showImageEffects":true,"showParticleSystems":true},"in2DMode":false,"pivot":{"x":-0.37926948070526125,"y":0.008478343486785889,"z":0.7236318588256836},"rotation":{"x":0.2943604588508606,"y":0.5936024188995361,"z":-0.2471325844526291,"w":0.7070457339286804},"size":0.4615592956542969,"orthographic":true}