{"cameraMode":{"drawMode":0,"name":"Shaded","section":"Shading Mode"},"sceneLighting":false,"audioPlay":false,"sceneViewState":{"showFog":true,"showMaterialUpdate":false,"showSkybox":true,"showFlares":true,"showImageEffects":true,"showParticleSystems":true},"in2DMode":false,"pivot":{"x":6.773038387298584,"y":-0.001146584516391158,"z":-8.210000038146973},"rotation":{"x":0.6783362627029419,"y":-0.002204248448833823,"z":0.0020350224804133178,"w":0.734745442867279},"size":13.028522491455079,"orthographic":true}