{"cameraMode":{"drawMode":0,"name":"Shaded","section":"Shading Mode"},"sceneLighting":false,"audioPlay":false,"sceneViewState":{"showFog":true,"showMaterialUpdate":false,"showSkybox":true,"showFlares":true,"showImageEffects":true,"showParticleSystems":true},"in2DMode":false,"pivot":{"x":11668.5771484375,"y":17348.119140625,"z":0.059999942779541019},"rotation":{"x":0.0007046879036352038,"y":0.9975478649139404,"z":-0.06924126297235489,"w":0.01017330214381218},"size":3.03007173538208,"orthographic":true}