{"cameraMode":{"drawMode":0,"name":"Shaded","section":"Shading Mode"},"sceneLighting":false,"audioPlay":false,"sceneViewState":{"showFog":true,"showMaterialUpdate":false,"showSkybox":true,"showFlares":true,"showImageEffects":true,"showParticleSystems":true},"in2DMode":false,"pivot":{"x":2.1763439178466799,"y":1.5013245344161988,"z":1.788748025894165},"rotation":{"x":0.22922639548778535,"y":0.3810389041900635,"z":-0.09810896962881088,"w":0.8903029561042786},"size":1.3027706146240235,"orthographic":true}