{"cameraMode":{"drawMode":0,"name":"Shaded","section":"Shading Mode"},"sceneLighting":false,"audioPlay":false,"sceneViewState":{"showFog":true,"showMaterialUpdate":false,"showSkybox":true,"showFlares":true,"showImageEffects":true,"showParticleSystems":true},"in2DMode":false,"pivot":{"x":12163.5771484375,"y":17587.619140625,"z":0.059999942779541019},"rotation":{"x":-0.12591128051280976,"y":0.8503968119621277,"z":-0.4528374671936035,"w":-0.23645268380641938},"size":3.03007173538208,"orthographic":false}