{"cameraMode":{"drawMode":0,"name":"Shaded","section":"Shading Mode"},"sceneLighting":false,"audioPlay":false,"sceneViewState":{"showFog":true,"showMaterialUpdate":false,"showSkybox":true,"showFlares":true,"showImageEffects":true,"showParticleSystems":true},"in2DMode":false,"pivot":{"x":-0.3456103503704071,"y":0.006084874272346497,"z":-0.32173824310302737},"rotation":{"x":-0.3310338258743286,"y":0.5980419516563416,"z":-0.29690301418304446,"w":-0.6667916774749756},"size":0.5847476124763489,"orthographic":false}