{"cameraMode":{"drawMode":0,"name":"Shaded","section":"Shading Mode"},"sceneLighting":false,"audioPlay":false,"sceneViewState":{"showFog":true,"showMaterialUpdate":false,"showSkybox":true,"showFlares":true,"showImageEffects":true,"showParticleSystems":true},"in2DMode":false,"pivot":{"x":12163.5771484375,"y":17587.619140625,"z":0.059999942779541019},"rotation":{"x":-0.0004422189376782626,"y":-0.9995278716087341,"z":-0.01799474097788334,"w":0.024901747703552247},"size":3.03007173538208,"orthographic":true}