{"cameraMode":{"drawMode":0,"name":"Shaded","section":"Shading Mode"},"sceneLighting":false,"audioPlay":false,"sceneViewState":{"showFog":true,"showMaterialUpdate":false,"showSkybox":true,"showFlares":true,"showImageEffects":true,"showParticleSystems":true},"in2DMode":false,"pivot":{"x":-0.09200000017881394,"y":0.4440000057220459,"z":-1.7152056694030762},"rotation":{"x":0.09799378365278244,"y":0.8494038581848145,"z":-0.4899502992630005,"w":0.16987957060337068},"size":0.3440495729446411,"orthographic":true}