{"cameraMode":{"drawMode":0,"name":"Shaded","section":"Shading Mode"},"sceneLighting":false,"audioPlay":false,"sceneViewState":{"showFog":true,"showMaterialUpdate":false,"showSkybox":true,"showFlares":true,"showImageEffects":true,"showParticleSystems":true},"in2DMode":false,"pivot":{"x":-0.4549560546875,"y":0.042236328125,"z":-0.215118408203125},"rotation":{"x":-0.02435210905969143,"y":0.681696891784668,"z":-0.022717894986271859,"w":-0.7308763861656189},"size":0.7582653760910034,"orthographic":true}