{"cameraMode":{"drawMode":0,"name":"Shaded","section":"Shading Mode"},"sceneLighting":false,"audioPlay":false,"sceneViewState":{"showFog":true,"showMaterialUpdate":false,"showSkybox":true,"showFlares":true,"showImageEffects":true,"showParticleSystems":true},"in2DMode":false,"pivot":{"x":12163.5771484375,"y":17587.619140625,"z":0.059999942779541019},"rotation":{"x":-0.21975749731063844,"y":0.060548871755599979,"z":0.01366625726222992,"w":0.9735777974128723},"size":3.03007173538208,"orthographic":true}