{"cameraMode":{"drawMode":0,"name":"Shaded","section":"Shading Mode"},"sceneLighting":true,"audioPlay":false,"sceneViewState":{"showFog":true,"showMaterialUpdate":false,"showSkybox":true,"showFlares":true,"showImageEffects":true,"showParticleSystems":true},"in2DMode":false,"pivot":{"x":3.4424688816070558,"y":1.1696116924285889,"z":-2.694063186645508},"rotation":{"x":-0.18944118916988374,"y":0.518301248550415,"z":-0.11895247548818588,"w":-0.8254247903823853},"size":4.420782566070557,"orthographic":true}