{"cameraMode":{"drawMode":0,"name":"Shaded","section":"Shading Mode"},"sceneLighting":false,"audioPlay":false,"sceneViewState":{"showFog":true,"showMaterialUpdate":false,"showSkybox":true,"showFlares":true,"showImageEffects":true,"showParticleSystems":true},"in2DMode":false,"pivot":{"x":-0.511050820350647,"y":0.006084874272346497,"z":-0.2970304489135742},"rotation":{"x":-0.13869306445121766,"y":-0.3813479244709015,"z":0.05798560008406639,"w":-0.9121270179748535},"size":0.4725693166255951,"orthographic":false}