{"cameraMode":{"drawMode":0,"name":"Shaded","section":"Shading Mode"},"sceneLighting":false,"audioPlay":false,"sceneViewState":{"showFog":true,"showMaterialUpdate":false,"showSkybox":true,"showFlares":true,"showImageEffects":true,"showParticleSystems":true},"in2DMode":false,"pivot":{"x":1.7466564178466797,"y":0.8702210187911987,"z":1.659841775894165},"rotation":{"x":-0.13869306445121766,"y":-0.3813479244709015,"z":0.05798560008406639,"w":-0.9121270179748535},"size":3.4260761737823488,"orthographic":false}